<application>
  <component name="DimensionService">
    <location key="GridCell.Tab.1.left.0.0.1920.1080@120dpi" x="295" y="163" />
    <location key="GridCell.Tab.1.center.0.0.1920.1080@120dpi" x="295" y="163" />
    <location key="GridCell.Tab.1.right.0.0.1920.1080@120dpi" x="295" y="163" />
    <location key="GridCell.Tab.1.bottom.0.0.1920.1080@120dpi" x="295" y="163" />
    <location key="GridCell.Tab.2.left.0.0.1920.1080@120dpi" x="295" y="163" />
    <location key="GridCell.Tab.2.center.0.0.1920.1080@120dpi" x="295" y="163" />
    <location key="GridCell.Tab.2.right.0.0.1920.1080@120dpi" x="295" y="163" />
    <location key="GridCell.Tab.2.bottom.0.0.1920.1080@120dpi" x="295" y="163" />
    <size key="GridCell.Tab.0.left.0.0.1920.1080@120dpi" width="765" height="153" />
    <size key="GridCell.Tab.0.center.0.0.1920.1080@120dpi" width="765" height="153" />
    <size key="GridCell.Tab.0.right.0.0.1920.1080@120dpi" width="765" height="153" />
    <size key="GridCell.Tab.0.bottom.0.0.1920.1080@120dpi" width="765" height="153" />
    <size key="GridCell.Tab.1.left.0.0.1920.1080@120dpi" width="765" height="343" />
    <size key="GridCell.Tab.1.center.0.0.1920.1080@120dpi" width="765" height="343" />
    <size key="GridCell.Tab.1.right.0.0.1920.1080@120dpi" width="765" height="343" />
    <size key="GridCell.Tab.1.bottom.0.0.1920.1080@120dpi" width="765" height="343" />
    <size key="GridCell.Tab.0.left.-1920.3.1920.1080" width="1316" height="424" />
    <size key="GridCell.Tab.0.center.-1920.3.1920.1080" width="1316" height="424" />
    <size key="GridCell.Tab.0.right.-1920.3.1920.1080" width="1316" height="424" />
    <size key="GridCell.Tab.0.bottom.-1920.3.1920.1080" width="1316" height="424" />
    <size key="GridCell.Tab.0.left.-1920.0.1920.1080" width="1582" height="274" />
    <size key="GridCell.Tab.0.center.-1920.0.1920.1080" width="1582" height="274" />
    <size key="GridCell.Tab.0.right.-1920.0.1920.1080" width="1582" height="274" />
    <size key="GridCell.Tab.0.bottom.-1920.0.1920.1080" width="1582" height="274" />
    <size key="GridCell.Tab.2.left.-1920.0.1920.1080" width="1582" height="349" />
    <size key="GridCell.Tab.2.center.-1920.0.1920.1080" width="1582" height="349" />
    <size key="GridCell.Tab.2.right.-1920.0.1920.1080" width="1582" height="349" />
    <size key="GridCell.Tab.2.bottom.-1920.0.1920.1080" width="1582" height="349" />
    <size key="GridCell.Tab.1.left.-1920.0.1920.1080" width="1582" height="349" />
    <size key="GridCell.Tab.1.center.-1920.0.1920.1080" width="1582" height="349" />
    <size key="GridCell.Tab.1.right.-1920.0.1920.1080" width="1582" height="349" />
    <size key="GridCell.Tab.1.bottom.-1920.0.1920.1080" width="1582" height="349" />
    <size key="GridCell.Tab.2.left.0.0.1920.1080@120dpi" width="1574" height="437" />
    <size key="GridCell.Tab.2.center.0.0.1920.1080@120dpi" width="1574" height="437" />
    <size key="GridCell.Tab.2.right.0.0.1920.1080@120dpi" width="1574" height="437" />
    <size key="GridCell.Tab.2.bottom.0.0.1920.1080@120dpi" width="1574" height="437" />
    <size key="GridCell.Tab.-1.left.0.0.1920.1080@120dpi" width="1309" height="403" />
    <size key="GridCell.Tab.-1.center.0.0.1920.1080@120dpi" width="1309" height="403" />
    <size key="GridCell.Tab.-1.right.0.0.1920.1080@120dpi" width="1309" height="403" />
    <size key="GridCell.Tab.-1.bottom.0.0.1920.1080@120dpi" width="1309" height="403" />
    <size key="GridCell.Tab.3.left.0.0.1920.1080@120dpi" width="1574" height="333" />
    <size key="GridCell.Tab.3.center.0.0.1920.1080@120dpi" width="1574" height="333" />
    <size key="GridCell.Tab.3.right.0.0.1920.1080@120dpi" width="1574" height="333" />
    <size key="GridCell.Tab.3.bottom.0.0.1920.1080@120dpi" width="1574" height="333" />
    <size key="GridCell.Tab.4.left.0.0.1920.1080@120dpi" width="1574" height="660" />
    <size key="GridCell.Tab.4.center.0.0.1920.1080@120dpi" width="1574" height="660" />
    <size key="GridCell.Tab.4.right.0.0.1920.1080@120dpi" width="1574" height="660" />
    <size key="GridCell.Tab.4.bottom.0.0.1920.1080@120dpi" width="1574" height="660" />
    <size key="GridCell.Tab.5.left.0.0.1920.1080@120dpi" width="1574" height="660" />
    <size key="GridCell.Tab.5.center.0.0.1920.1080@120dpi" width="1574" height="660" />
    <size key="GridCell.Tab.5.right.0.0.1920.1080@120dpi" width="1574" height="660" />
    <size key="GridCell.Tab.5.bottom.0.0.1920.1080@120dpi" width="1574" height="660" />
    <size key="GridCell.Tab.6.left.0.0.1920.1080@120dpi" width="1574" height="660" />
    <size key="GridCell.Tab.6.center.0.0.1920.1080@120dpi" width="1574" height="660" />
    <size key="GridCell.Tab.6.right.0.0.1920.1080@120dpi" width="1574" height="660" />
    <size key="GridCell.Tab.6.bottom.0.0.1920.1080@120dpi" width="1574" height="660" />
    <size key="GridCell.Tab.7.left.0.0.1920.1080@120dpi" width="1574" height="437" />
    <size key="GridCell.Tab.7.center.0.0.1920.1080@120dpi" width="1574" height="437" />
    <size key="GridCell.Tab.7.right.0.0.1920.1080@120dpi" width="1574" height="437" />
    <size key="GridCell.Tab.7.bottom.0.0.1920.1080@120dpi" width="1574" height="437" />
  </component>
  <component name="SingleStripeButtonsState">
    <id>Database</id>
    <id>Services</id>
    <id>Structure</id>
    <id>GitHub Copilot Chat</id>
    <id>Project</id>
  </component>
  <component name="WindowManager">
    <frame x="22" y="137" width="1540" height="820" extendedState="6" />
  </component>
</application>